-- phpMyAdmin SQL Dump
-- version 4.5.1
-- http://www.phpmyadmin.net
--
-- Host: 127.0.0.1
-- Generation Time: May 10, 2021 at 10:57 PM
-- Server version: 10.1.10-MariaDB
-- PHP Version: 5.5.30

SET SQL_MODE = "NO_AUTO_VALUE_ON_ZERO";
SET time_zone = "+00:00";


/*!40101 SET @OLD_CHARACTER_SET_CLIENT=@@CHARACTER_SET_CLIENT */;
/*!40101 SET @OLD_CHARACTER_SET_RESULTS=@@CHARACTER_SET_RESULTS */;
/*!40101 SET @OLD_COLLATION_CONNECTION=@@COLLATION_CONNECTION */;
/*!40101 SET NAMES utf8mb4 */;

--
-- Database: `natialmi_db`
--

-- --------------------------------------------------------

--
-- Table structure for table `cheque`
--

CREATE TABLE `cheque` (
  `cheque_id` int(7) NOT NULL,
  `bank` varchar(50) NOT NULL,
  `cheque_no` varchar(50) NOT NULL,
  `valid_date` date NOT NULL,
  `exchange_date` date NOT NULL,
  `cheque_value` double(10,2) NOT NULL,
  `interest` int(5) NOT NULL,
  `exchange_amt` double(10,2) NOT NULL,
  `status` varchar(20) NOT NULL,
  `cust_id` varchar(10) NOT NULL
) ENGINE=InnoDB DEFAULT CHARSET=latin1;

-- --------------------------------------------------------

--
-- Table structure for table `customer`
--

CREATE TABLE `customer` (
  `cust_id` varchar(10) NOT NULL,
  `type` varchar(20) NOT NULL,
  `reg_no` varchar(100) NOT NULL,
  `name` varchar(100) NOT NULL,
  `address` varchar(150) NOT NULL,
  `vehicle_no` text NOT NULL,
  `contact` varchar(15) NOT NULL
) ENGINE=InnoDB DEFAULT CHARSET=latin1;

--
-- Dumping data for table `customer`
--

INSERT INTO `customer` (`cust_id`, `type`, `reg_no`, `name`, `address`, `vehicle_no`, `contact`) VALUES
('D0001', 'Daily', '1996', 'R. H. THARAKA SUPUN. (32 Canal.) maskade', '32 canal', 'N0', '0778599121'),
('D0002', 'Daily', '1997', 'K. P. D. KAWEESHA (GAMPOLA HOTTEL KOLONGODA) ', 'Kolongoda tawn', 'No', '0778530716'),
('D0003', 'Daily', '1998', 'K. G. CHATHURA KUMARA. ', 'Dabagawela 4ra man bandiya wi kirana ', 'No', '0786956868'),
('D0004', 'Daily', '1999', 'H.M.ABERATHNA(fram h. Kolongoda) ', 'Kolongoda uda kotasa', 'N0', 'No'),
('D0005', 'Daily', '2000', 'B. M. Rammanika(2nd lon) k', 'Nugagolla tawnno', '', 'No'),
('D0006', 'Daily', '2001', 'A. M. Mallika (pram h. Kolongoda.)', 'Kolongoda uda kotasa', 'N0', 'No'),
('D0007', 'Daily', '2002', 'A. M. Mallilaka(2nd lon) ', 'Kolongoda uda kotasa', 'No', 'No'),
('D0008', 'Daily', '2003', 'R. M. asela Rathnayaka(asela cellular) ', 'Kolongoda tawn', 'No', '0714597699'),
('D0009', 'Daily', '2004', 'D. M.indrani (thilak HOTTEL) ', 'Kolongoda tawn', 'No', '0712832366'),
('D0010', 'Daily', '2004', 'H. P. Ranathunga(fram h) ', 'Kolongoda tawn', 'No', 'No'),
('D0011', 'Daily', '2005', 'Y. M.w.banda(viraj hardware) ', 'Kolongoda uda kotasa', 'No', '0703051092'),
('D0012', 'Daily', '2006', 'E. M. Koliya bandara (tharindu studion) ', 'Kolongoda tawn', 'No', 'No'),
('D0013', 'Daily', '2007', 'H. W. Shiromi(BAGGIYA TEX KOLO GODA) ', 'Kolongoda tawn', 'No', 'No'),
('D0014', 'Daily', '2008', 'R. M. RA NjITH RATHNAYAKA(Nugagolla hotel) ', 'Nugagolla tawn', 'No', 'No'),
('D0015', 'Daily', '2013', 'T. G. Abesekara hellipola', 'Hettipola', 'No', 'No'),
('D0018', 'Daily', '2016', 'Lakmal c. Hottel', 'Wilgamuwa', 'No', 'No'),
('D0020', 'Daily', '2018', 'Jayalal ariyawansha. Chandana', 'Kolongoda uda kotasa', 'No', 'No'),
('D0021', 'Daily', '2018', 'W. G gamini(thusara salun) ', 'Kolongoda', 'No', 'No'),
('D0022', 'Daily', '2019', 'A. Sarah chandra(Ellewela ho) ', '28 canel', '', 'No'),
('D0023', 'Daily', '2020', 'I. G SAMPATH NALINDA', 'Kolongoda', 'No', 'No'),
('D0024', 'Daily', '2023', 'K. Mmadura(sanhida HOTTEL) ', 'Hettipola', 'No', 'No'),
('D0025', 'Daily', '2024', 'R. M. R. J bandara. K', 'Hibutuwa', 'No', 'No'),
('D0026', 'Daily', '2019', 'S. S. Silwa. HETTIPOLA', 'Hettipola', 'No', 'No'),
('D0027', 'Daily', '2023', 'B. M. rammanika', 'Nugagolla tawn', 'No', 'No'),
('D0028', 'Daily', '2019', 'P. G. Asanka rathnasiri. 2nd ', 'Hibutuwano', 'No', 'No'),
('D0029', 'Daily', '2017', 'K. M. Madura priyanga. (sa hida HOTTEL) ', 'Hettipola', 'N0', 'No'),
('D0030', 'Daily', '2018', 'B. M. Muthubanda', 'Kolongoda tawn', 'No', 'Nob. '),
('D0031', 'Daily', '1997', 'SAMPATH nalinda', 'Kolongoda', 'No', 'No'),
('D0032', 'Daily', '2121', 'S. R. G. Prasanna. ', 'Kolongoda', 'No', 'No'),
('D0034', 'Daily', '2761', 'R. M. U. G. Bandara', 'Kolongoda', 'No', 'No'),
('D0035', 'Daily', '3647', 'G. K. G. Loku banda. (Nugagolla) ', 'Hettipola', 'No', 'No'),
('D0037', 'Daily', '2122', 'D. M. K. Disanayaka(ruwan stores) nugagolla. 00', 'Nugagolla taw', 'No', 'No'),
('D0038', 'Daily', '3467', 'R. M. Bandara. Sawis', 'Hettipola', 'No', 'No'),
('D0039', 'Daily', '2000', 'J. K. Pathiranage', 'Kolongoda', 'No', 'No'),
('D0040', 'Daily', '2356', 'A.u.G.muthubanda(nugagolla w.p)', 'Nugagolla', 'No', 'No'),
('D0041', 'Daily', '3997', 'Wijekoon Banda', 'Nugagolla tawn', 'N0', 'No'),
('D0042', 'Daily', '3396', 'K.G.karunathilaka(nugagolla.w.p)', 'Nugagolla', 'No', 'No'),
('D0043', 'Daily', '5467', 'SAMPATH ruwan KUMARA. W. M. G', 'Nugagolla tawn', 'N0', 'No'),
('W0001', 'Weekly', '2007', 'Chinthaka niroshan', 'Nugagolla tawn', 'No', 'No'),
('W0002', 'Weekly', '2017', 'P. G. Asanka rathnasiri. 01', 'Hibutuwano', 'No', 'No'),
('W0004', 'Weekly', '2024', 'L. A. R. B liyandeniya', 'Kolongoda', 'N0', 'No'),
('W0006', 'Weekly', '2018', 'W. G. Wasantha (wasantha traders s) hettipola', 'Hettipola', 'No', 'No'),
('W0007', 'Weekly', '2310', 'K. P. D. Dewmina', 'Kolongoda', 'No', 'No'),
('W0008', 'Weekly', '1999', 'A. M. Amila udayanga', 'Kolongoda tawn', 'No', 'No'),
('W0009', 'Weekly', '2886', 'A. M. S. Sanjiwa', 'Kolongoda', 'No', 'No'),
('W0010', 'Weekly', '2002', 'Janaka sandaruwan', 'Hasalaka', 'N0', 'No');

-- --------------------------------------------------------

--
-- Table structure for table `loan`
--

CREATE TABLE `loan` (
  `loan_no` int(7) NOT NULL,
  `l_date` date NOT NULL,
  `amount` double(10,2) NOT NULL,
  `interest` int(5) NOT NULL,
  `no_installements` int(11) NOT NULL,
  `rental` double(10,2) NOT NULL,
  `daily_rental` double(10,2) NOT NULL DEFAULT '0.00',
  `duration` int(11) NOT NULL,
  `end_date` text NOT NULL,
  `cust_id` varchar(10) NOT NULL,
  `l_status` tinyint(4) NOT NULL,
  `l_type` varchar(10) NOT NULL,
  `l_method` varchar(10) NOT NULL,
  `penalty_status` tinyint(1) NOT NULL DEFAULT '0',
  `penalty` double(10,2) NOT NULL DEFAULT '0.00'
) ENGINE=InnoDB DEFAULT CHARSET=latin1;

--
-- Dumping data for table `loan`
--

INSERT INTO `loan` (`loan_no`, `l_date`, `amount`, `interest`, `no_installements`, `rental`, `daily_rental`, `duration`, `end_date`, `cust_id`, `l_status`, `l_type`, `l_method`, `penalty_status`, `penalty`) VALUES
(108, '2021-04-02', 50000.00, 8, 60, 1000.00, 0.00, 58, '2021-06-02', 'D0001', 1, 'daily', 'normal', 0, 0.00),
(112, '2021-03-31', 50000.00, 8, 60, 1000.00, 0.00, 58, '2021-06-08', 'D0004', 1, 'daily', 'sunday off', 0, 0.00),
(115, '2021-01-27', 30000.00, 8, 60, 600.00, 0.00, 58, '2021-04-06', 'D0006', 0, 'daily', 'sunday off', 0, 0.00),
(116, '2021-02-07', 40000.00, 8, 60, 800.00, 0.00, 58, '2021-04-18', 'D0007', 1, 'daily', 'sunday off', 0, 0.00),
(119, '2021-04-10', 100000.00, 9, 90, 1399.78, 0.00, 90, '2021-07-13', 'D0009', 1, 'daily', 'normal', 0, 0.00),
(120, '2021-03-03', 200000.00, 7, 60, 3800.00, 0.00, 60, '2021-05-05', 'D0010', 1, 'daily', 'normal', 0, 0.00),
(121, '2021-03-16', 200000.00, 7, 90, 2688.89, 0.00, 90, '2021-06-18', 'D0011', 1, 'daily', 'normal', 0, 0.00),
(122, '2021-03-13', 25000.00, 8, 60, 500.00, 0.00, 58, '2021-05-13', 'D0012', 1, 'daily', 'normal', 0, 0.00),
(123, '2021-03-22', 150000.00, 7, 60, 2850.00, 0.00, 60, '2021-05-24', 'D0013', 1, 'daily', 'normal', 0, 0.00),
(126, '2021-03-13', 30000.00, 8, 60, 600.00, 0.00, 58, '2021-05-13', 'D0014', 1, 'daily', 'normal', 0, 0.00),
(127, '2021-03-26', 50000.00, 8, 90, 688.89, 0.00, 90, '2021-06-29', 'D0015', 1, 'daily', 'normal', 0, 0.00),
(128, '2021-03-26', 50000.00, 7, 60, 1000.00, 0.00, 57, '2021-05-25', 'D0016', 1, 'daily', 'normal', 0, 0.00),
(129, '2021-03-17', 30000.00, 8, 60, 580.00, 0.00, 60, '2021-05-19', 'D0017', 1, 'daily', 'normal', 0, 0.00),
(130, '2021-03-09', 50000.00, 8, 60, 966.67, 0.00, 60, '2021-05-11', 'D0018', 1, 'daily', 'normal', 0, 0.00),
(132, '2021-04-06', 30000.00, 8, 60, 580.00, 0.00, 60, '2021-06-08', 'D0020', 1, 'daily', 'normal', 0, 0.00),
(135, '2021-02-16', 100000.00, 8, 90, 1377.78, 0.00, 90, '2021-05-21', 'D0026', 1, 'daily', 'normal', 0, 0.00),
(136, '2021-03-19', 30000.00, 8, 8, 4350.00, 622.00, 56, '2021-05-15', 'W0005', 1, 'weekly', 'normal', 0, 0.00),
(137, '2021-04-03', 20000.00, 8, 60, 400.00, 0.00, 58, '2021-06-12', 'D0005', 1, 'daily', 'sunday off', 0, 0.00),
(141, '2021-03-30', 50000.00, 7, 60, 1000.00, 0.00, 57, '2021-05-29', 'D0008', 1, 'daily', 'normal', 0, 0.00),
(142, '2021-03-29', 100000.00, 8, 60, 2000.00, 0.00, 58, '2021-06-06', 'D0024', 1, 'daily', 'sunday off', 0, 0.00),
(143, '2021-03-26', 50000.00, 8, 60, 1000.00, 0.00, 58, '2021-06-04', 'D0003', 1, 'daily', 'sunday off', 0, 0.00),
(144, '2021-04-09', 20000.00, 8, 60, 400.00, 0.00, 58, '2021-06-09', 'D0028', 1, 'daily', 'normal', 0, 0.00),
(146, '2021-04-01', 50000.00, 7, 12, 5050.42, 722.00, 84, '2021-06-25', 'W0002', 1, 'weekly', 'normal', 0, 0.00),
(147, '2021-04-08', 30000.00, 8, 90, 413.33, 0.00, 90, '2021-07-24', 'D0022', 1, 'daily', 'sunday off', 0, 0.00),
(148, '2021-03-06', 100000.00, 8, 60, 2000.00, 0.00, 58, '2021-05-15', 'D0002', 1, 'daily', 'sunday off', 0, 0.00),
(149, '2021-04-03', 25000.00, 8, 60, 500.00, 0.00, 58, '2021-06-03', 'D0021', 1, 'daily', 'normal', 0, 0.00),
(151, '2021-03-26', 50000.00, 7, 60, 950.00, 0.00, 60, '2021-05-29', '', 1, 'daily', 'normal', 0, 0.00),
(152, '2021-03-26', 50000.00, 7, 60, 950.00, 0.00, 60, '2021-05-29', '', 1, 'daily', 'normal', 0, 0.00),
(153, '2021-03-26', 50000.00, 7, 60, 950.00, 0.00, 60, '2021-05-29', '', 1, 'daily', 'normal', 0, 0.00),
(154, '2021-03-26', 50000.00, 7, 60, 950.00, 0.00, 60, '2021-05-29', '', 1, 'daily', 'normal', 0, 0.00),
(155, '2021-03-26', 50000.00, 7, 60, 950.00, 0.00, 60, '2021-05-29', '', 1, 'daily', 'normal', 0, 0.00),
(158, '2021-04-05', 40000.00, 8, 12, 4133.33, 591.00, 84, '2021-06-29', 'W0007', 1, 'weekly', 'normal', 0, 0.00),
(159, '2021-03-13', 200000.00, 7, 8, 28500.00, 4072.00, 56, '2021-05-09', 'W0008', 1, 'weekly', 'normal', 0, 0.00),
(160, '2021-03-10', 10000.00, 8, 8, 1450.00, 208.00, 56, '2021-05-06', 'W0009', 1, 'weekly', 'normal', 0, 0.00),
(161, '2021-04-07', 25000.00, 8, 60, 500.00, 0.00, 58, '2021-06-15', 'D0030', 1, 'daily', 'sunday off', 0, 0.00),
(162, '2021-04-06', 10000.00, 8, 60, 200.00, 0.00, 58, '2021-06-06', 'D0031', 1, 'daily', 'normal', 0, 0.00),
(163, '2021-04-09', 15000.00, 8, 60, 300.00, 0.00, 58, '2021-06-09', 'D0032', 1, 'daily', 'normal', 0, 0.00),
(165, '2021-04-06', 50000.00, 8, 16, 4125.00, 590.00, 112, '2021-07-28', 'W0010', 1, 'weekly', 'normal', 0, 0.00),
(166, '2021-02-21', 15000.00, 8, 60, 300.00, 0.00, 58, '2021-04-23', 'D0034', 1, 'daily', 'normal', 0, 0.00),
(167, '2021-04-24', 10000.00, 8, 60, 200.00, 0.00, 58, '2021-06-24', 'D0035', 1, 'daily', 'normal', 0, 0.00),
(170, '2021-04-24', 75000.00, 8, 90, 1033.33, 0.00, 90, '2021-08-10', 'D0037', 1, 'daily', 'sunday off', 0, 0.00),
(171, '2021-03-19', 40000.00, 8, 90, 550.98, 0.00, 90, '2021-06-21', 'D0038', 1, 'daily', 'normal', 0, 0.00),
(172, '2021-04-28', 80000.00, 8, 16, 6500.00, 929.00, 112, '2021-08-19', 'W0004', 1, 'weekly', 'normal', 0, 0.00),
(173, '2021-03-13', 10000.00, 8, 60, 200.00, 0.00, 58, '2021-05-13', 'D0039', 1, 'daily', 'normal', 0, 0.00),
(174, '2021-04-28', 10000.00, 8, 60, 200.00, 0.00, 58, '2021-06-28', 'D0040', 1, 'daily', 'normal', 0, 0.00),
(175, '2021-03-01', 15000.00, 8, 60, 290.00, 0.00, 60, '2021-05-03', 'D0041', 0, 'daily', 'normal', 0, 0.00),
(176, '2021-03-02', 300000.00, 7, 8, 42750.00, 6108.00, 56, '2021-04-28', 'W0006', 0, 'weekly', 'normal', 0, 0.00),
(177, '2021-05-03', 500000.00, 7, 60, 9500.00, 0.00, 60, '2021-07-05', 'W0006', 1, 'daily', 'normal', 0, 0.00),
(178, '2021-05-03', 10000.00, 8, 60, 200.00, 0.00, 58, '2021-07-03', 'D0042', 1, 'daily', 'normal', 0, 0.00),
(180, '2021-03-22', 30000.00, 8, 8, 4312.50, 617.00, 56, '2021-05-18', 'W0001', 0, 'weekly', 'normal', 0, 0.00),
(181, '2021-05-06', 50000.00, 8, 90, 688.89, 0.00, 90, '2021-08-21', 'D0043', 1, 'daily', 'sunday off', 0, 0.00),
(182, '2021-05-08', 35000.00, 8, 8, 5031.25, 719.00, 56, '2021-07-04', 'W0001', 1, 'weekly', 'normal', 0, 0.00);

-- --------------------------------------------------------

--
-- Table structure for table `loan_installement`
--

CREATE TABLE `loan_installement` (
  `id` int(7) NOT NULL,
  `li_date` date NOT NULL,
  `month` varchar(10) NOT NULL,
  `year` varchar(10) NOT NULL,
  `paid` double(10,2) NOT NULL DEFAULT '0.00',
  `arrears` double(10,2) NOT NULL,
  `total_paid` double(10,2) NOT NULL,
  `brought_forward` decimal(10,2) NOT NULL DEFAULT '0.00',
  `loan_no` int(7) NOT NULL
) ENGINE=InnoDB DEFAULT CHARSET=latin1;

--
-- Dumping data for table `loan_installement`
--

INSERT INTO `loan_installement` (`id`, `li_date`, `month`, `year`, `paid`, `arrears`, `total_paid`, `brought_forward`, `loan_no`) VALUES
(1, '2021-04-19', '04', '2021', 10000.00, 7000.00, 10000.00, '48000.00', 108),
(2, '2021-04-20', '04', '2021', 13000.00, 8000.00, 13000.00, '45000.00', 143),
(3, '2021-04-20', '04', '2021', 10500.00, 6500.00, 10500.00, '47500.00', 112),
(4, '2021-04-20', '04', '2021', 2600.00, 3000.00, 2600.00, '20600.00', 137),
(5, '2021-04-20', '04', '2021', 32400.00, 9000.00, 32400.00, '2400.00', 115),
(6, '2021-04-20', '04', '2021', 34800.00, 13200.00, 34800.00, '11600.00', 116),
(7, '2021-04-20', '04', '2021', 5600.00, 8397.80, 5600.00, '120380.20', 119),
(8, '2021-04-20', '04', '2021', 140000.00, 38600.00, 140000.00, '88000.00', 120),
(9, '2021-04-20', '04', '2021', 69680.00, 21742.26, 69680.00, '172320.10', 121),
(10, '2021-04-20', '04', '2021', 14500.00, 4000.00, 14500.00, '14500.00', 122),
(11, '2021-04-20', '04', '2021', 50200.00, 29600.00, 50200.00, '120800.00', 123),
(12, '2021-04-20', '04', '2021', 10400.00, 6850.00, 10400.00, '24100.00', 124),
(13, '2021-04-20', '04', '2021', 12000.00, 10200.00, 12000.00, '22800.00', 126),
(14, '2021-04-20', '04', '2021', 8200.00, 8333.36, 8200.00, '53800.10', 127),
(15, '2021-04-20', '04', '2021', 14000.00, 10000.00, 14000.00, '43000.00', 128),
(16, '2021-04-20', '04', '2021', 25000.00, 14633.47, 25000.00, '33000.20', 130),
(17, '2021-04-20', '04', '2021', 3000.00, 5120.00, 3000.00, '31800.00', 132),
(18, '2021-04-20', '04', '2021', 1200.00, 3200.00, 1200.00, '22000.00', 144),
(19, '2021-04-20', '04', '2021', 10000.00, 11000.00, 10000.00, '47000.00', 141),
(20, '2021-04-20', '04', '2021', 5050.00, 5050.84, 5050.00, '55555.04', 146),
(21, '2021-04-20', '04', '2021', 1600.00, 2533.30, 1600.00, '35599.70', 147),
(22, '2021-04-20', '04', '2021', 68500.00, 15544.58, 68500.00, '55500.20', 135),
(23, '2021-04-20', '04', '2021', 64500.00, 11500.00, 64500.00, '51500.00', 148),
(24, '2021-04-21', '04', '2021', 2400.00, 3300.00, 5400.00, '29400.00', 132),
(25, '2021-04-21', '04', '2021', 1000.00, 8000.00, 14000.00, '44000.00', 143),
(26, '2021-04-21', '04', '2021', 400.00, 3200.00, 1600.00, '21600.00', 144),
(27, '2021-04-21', '04', '2021', 2000.00, 11500.00, 66500.00, '49500.00', 148),
(28, '2021-04-21', '04', '2021', 4000.00, 38400.00, 144000.00, '84000.00', 120),
(29, '2021-04-21', '04', '2021', 2650.00, 21781.15, 72330.00, '169670.10', 121),
(30, '2021-04-21', '04', '2021', 1000.00, 11000.00, 11000.00, '46000.00', 141),
(31, '2021-04-21', '04', '2021', 1000.00, 10000.00, 12000.00, '45000.00', 141),
(32, '2021-04-21', '04', '2021', 1400.00, 8397.58, 7000.00, '118980.20', 119),
(33, '2021-04-21', '04', '2021', 4000.00, 28450.00, 54200.00, '116800.00', 123),
(34, '2021-04-20', '04', '2021', 3500.00, 5000.00, 3500.00, '25500.00', 149),
(35, '2021-04-21', '04', '2021', 500.00, 5000.00, 4000.00, '25000.00', 149),
(36, '2021-04-21', '04', '2021', 1000.00, 15922.36, 69500.00, '54500.20', 135),
(37, '2021-04-20', '04', '2021', 24000.00, 14000.00, 24000.00, '92000.00', 150),
(38, '2021-04-21', '04', '2021', 2000.00, 14000.00, 26000.00, '90000.00', 150),
(39, '2021-04-21', '04', '2021', 2900.00, 3950.00, 13300.00, '21200.00', 124),
(40, '2021-04-21', '04', '2021', 400.00, 2546.63, 2000.00, '35199.70', 147),
(41, '2021-04-21', '04', '2021', 223750.00, 75500.00, 223750.00, '118250.00', 156),
(42, '2021-04-08', '04', '2021', 10150.00, -1450.00, 10150.00, '1450.00', 157),
(43, '2021-04-22', '04', '2021', 1000.00, 7500.00, 11500.00, '46500.00', 112),
(44, '2021-04-22', '04', '2021', 4135.00, 4131.66, 4135.00, '45464.96', 158),
(45, '2021-04-20', '04', '2021', 96500.00, 46000.00, 96500.00, '131500.00', 159),
(46, '2021-04-22', '04', '2021', 6000.00, 40000.00, 102500.00, '125500.00', 159),
(47, '2021-04-08', '04', '2021', 5800.00, 0.00, 5800.00, '5800.00', 160),
(48, '2021-04-22', '04', '2021', 1450.00, 1450.00, 7250.00, '4350.00', 160),
(49, '2021-04-21', '04', '2021', 2500.00, 3500.00, 2500.00, '26500.00', 161),
(50, '2021-04-22', '04', '2021', 500.00, 3500.00, 3000.00, '26000.00', 161),
(51, '2021-04-22', '04', '2021', 4000.00, 38200.00, 148000.00, '80000.00', 120),
(52, '2021-04-22', '04', '2021', 2650.00, 21820.04, 74980.00, '167020.10', 121),
(53, '2021-04-22', '04', '2021', 1000.00, 10000.00, 13000.00, '44000.00', 141),
(54, '2021-04-22', '04', '2021', 1400.00, 8397.36, 8400.00, '117580.20', 119),
(55, '2021-04-22', '04', '2021', 3000.00, 28300.00, 57200.00, '113800.00', 123),
(56, '2021-04-22', '04', '2021', 500.00, 5000.00, 4500.00, '24500.00', 149),
(57, '2021-04-21', '04', '2021', 1200.00, 1800.00, 1200.00, '10400.00', 162),
(58, '2021-04-22', '04', '2021', 200.00, 1800.00, 1400.00, '10200.00', 162),
(59, '2021-04-22', '04', '2021', 2000.00, 8000.00, 12000.00, '46000.00', 108),
(60, '2021-04-21', '04', '2021', 1400.00, 2200.00, 1400.00, '16000.00', 163),
(61, '2021-04-22', '04', '2021', 300.00, 2200.00, 1700.00, '15700.00', 163),
(62, '2021-04-22', '04', '2021', 15000.00, 60500.00, 238750.00, '103250.00', 156),
(63, '2021-04-22', '04', '2021', 1000.00, 17299.14, 69501.00, '54499.20', 135),
(64, '2021-04-22', '04', '2021', 700.00, 9011.14, 8900.00, '53100.10', 127),
(65, '2021-04-21', '04', '2021', 26000.00, 14000.00, 26000.00, '90000.00', 142),
(66, '2021-04-22', '04', '2021', 2000.00, 14000.00, 28000.00, '88000.00', 142),
(67, '2021-04-22', '04', '2021', 1450.00, 0.00, 11600.00, '0.00', 157),
(68, '2021-04-23', '04', '2021', 4000.00, 4250.00, 4000.00, '62000.00', 165),
(69, '2021-04-23', '04', '2021', 1200.00, 3260.00, 6600.00, '28200.00', 132),
(70, '2021-04-22', '04', '2021', 500.00, 8950.00, 14050.00, '43950.00', 143),
(72, '2021-04-23', '04', '2021', 700.00, 8800.00, 15200.00, '42800.00', 143),
(73, '2021-04-23', '04', '2021', 3000.00, 37000.00, 105500.00, '122500.00', 159),
(74, '2021-04-23', '04', '2021', 2000.00, 13500.00, 68500.00, '47500.00', 148),
(75, '2021-04-23', '04', '2021', 2650.00, 21858.93, 77630.00, '164370.10', 121),
(76, '2021-04-23', '04', '2021', 4000.00, 38000.00, 152000.00, '76000.00', 120),
(77, '2021-04-23', '04', '2021', 1400.00, 8397.14, 9800.00, '116180.20', 119),
(78, '2021-04-23', '04', '2021', 2000.00, 29150.00, 59200.00, '111800.00', 123),
(79, '2021-04-23', '04', '2021', 1000.00, 7500.00, 12500.00, '45500.00', 112),
(80, '2021-04-23', '04', '2021', 0.00, 9700.03, 8900.00, '53100.10', 127),
(81, '2021-04-23', '04', '2021', 2000.00, 14000.00, 30000.00, '86000.00', 142),
(82, '2021-04-23', '04', '2021', 17750.00, 42750.00, 256500.00, '85500.00', 156),
(83, '2021-04-23', '04', '2021', 1000.00, 8000.00, 13000.00, '45000.00', 108),
(84, '2021-04-23', '04', '2021', 500.00, 3500.00, 3500.00, '25500.00', 161),
(85, '2021-04-23', '04', '2021', 400.00, 2973.29, 2400.00, '34799.70', 147),
(86, '2021-04-23', '04', '2021', 12000.00, 9750.00, 12000.00, '22800.00', 136),
(87, '2021-04-23', '04', '2021', 600.00, 10200.00, 33000.00, '1800.00', 115),
(88, '2021-04-23', '04', '2021', 0.00, 15600.00, 34800.00, '11600.00', 116),
(89, '2021-04-23', '04', '2021', 0.00, 4250.00, 4000.00, '62000.00', 165),
(90, '2021-04-23', '04', '2021', 0.00, 15600.00, 34800.00, '11600.00', 116),
(91, '2021-04-23', '04', '2021', 600.00, 9600.00, 33600.00, '1200.00', 115),
(92, '2021-04-24', '04', '2021', 5050.00, 0.84, 10100.00, '50505.04', 146),
(93, '2021-04-24', '04', '2021', 400.00, 4000.00, 2000.00, '21200.00', 144),
(94, '2021-04-24', '04', '2021', 1000.00, 7500.00, 13500.00, '44500.00', 112),
(95, '2021-04-24', '04', '2021', 2000.00, 13500.00, 70500.00, '45500.00', 148),
(96, '2021-04-24', '04', '2021', 4000.00, 37800.00, 156000.00, '72000.00', 120),
(97, '2021-04-24', '04', '2021', 1000.00, 11000.00, 14000.00, '43000.00', 141),
(98, '2021-04-24', '04', '2021', 1400.00, 8396.92, 11200.00, '114780.20', 119),
(99, '2021-04-24', '04', '2021', 2850.00, 29150.00, 62050.00, '108950.00', 123),
(100, '2021-04-24', '04', '2021', 500.00, 5500.00, 5000.00, '24000.00', 149),
(101, '2021-04-24', '04', '2021', 400.00, 1800.00, 1800.00, '9800.00', 162),
(102, '2021-04-24', '04', '2021', 2500.00, 1450.00, 15800.00, '18700.00', 124),
(103, '2021-04-24', '04', '2021', 1000.00, 8000.00, 14000.00, '44000.00', 108),
(104, '2021-04-24', '04', '2021', 1000.00, 19054.70, 70501.00, '53499.20', 135),
(105, '2021-04-24', '04', '2021', 700.00, 9688.92, 9600.00, '52400.10', 127),
(106, '2021-04-24', '04', '2021', 1000.00, 17500.15, 26000.00, '32000.20', 130),
(107, '2021-04-24', '04', '2021', 300.00, 2500.00, 2000.00, '15400.00', 163),
(108, '2021-04-23', '04', '2021', 12600.00, 5100.00, 12600.00, '4800.00', 166),
(109, '2021-04-24', '04', '2021', 1500.00, 3900.00, 14100.00, '3300.00', 166),
(110, '2021-04-24', '04', '2021', 500.00, 3500.00, 4000.00, '25000.00', 161),
(111, '2021-04-25', '04', '2021', 1000.00, 8800.00, 16200.00, '41800.00', 143),
(112, '2021-04-25', '04', '2021', 1000.00, 12500.00, 71500.00, '44500.00', 148),
(113, '2021-04-25', '04', '2021', 5000.00, 32000.00, 110500.00, '117500.00', 159),
(114, '2021-04-25', '04', '2021', 4000.00, 37600.00, 160000.00, '68000.00', 120),
(115, '2021-04-25', '04', '2021', 1000.00, 11000.00, 15000.00, '42000.00', 141),
(116, '2021-04-25', '04', '2021', 1400.00, 8396.70, 12600.00, '113380.20', 119),
(117, '2021-04-25', '04', '2021', 2850.00, 29150.00, 64900.00, '106100.00', 123),
(118, '2021-04-25', '04', '2021', 2000.00, -550.00, 17800.00, '16700.00', 124),
(119, '2021-04-25', '04', '2021', 1000.00, 8000.00, 15000.00, '43000.00', 108),
(120, '2021-04-25', '04', '2021', 300.00, 2500.00, 2300.00, '15100.00', 163),
(121, '2021-04-25', '04', '2021', 1000.00, -800.00, 1000.00, '10600.00', 167),
(122, '2021-04-25', '04', '2021', 1000.00, 19432.48, 71501.00, '52499.20', 135),
(123, '2021-04-25', '04', '2021', 500.00, 9877.81, 10100.00, '51900.10', 127),
(124, '2021-04-25', '04', '2021', 2000.00, 14000.00, 32000.00, '84000.00', 142),
(125, '2021-04-25', '04', '2021', 0.00, 18466.82, 26000.00, '32000.20', 130),
(126, '2021-04-27', '04', '2021', 1000.00, 7800.00, 17200.00, '40800.00', 143),
(127, '2021-04-27', '04', '2021', 1000.00, 7500.00, 14500.00, '43500.00', 112),
(128, '2021-04-27', '04', '2021', 2500.00, 29500.00, 113000.00, '115000.00', 159),
(129, '2021-04-26', '04', '2021', 10000.00, 9835.28, 10000.00, '39588.20', 171),
(130, '2021-04-27', '04', '2021', 500.00, 9335.28, 10500.00, '39088.20', 171),
(131, '2021-04-27', '04', '2021', 1000.00, 11500.00, 72500.00, '43500.00', 148),
(132, '2021-04-27', '04', '2021', 2650.00, 27275.60, 80280.00, '161720.10', 121),
(133, '2021-04-27', '04', '2021', 4000.00, 37400.00, 164000.00, '64000.00', 120),
(134, '2021-04-27', '04', '2021', 1000.00, 11000.00, 16000.00, '41000.00', 141),
(135, '2021-04-27', '04', '2021', 1000.00, 8796.48, 13600.00, '112380.20', 119),
(136, '2021-04-27', '04', '2021', 2850.00, 29150.00, 67750.00, '103250.00', 123),
(137, '2021-04-27', '04', '2021', 1000.00, 8000.00, 16000.00, '42000.00', 108),
(138, '2021-04-27', '04', '2021', 1100.00, -66.67, 1100.00, '91899.70', 170),
(139, '2021-04-27', '04', '2021', 15000.00, 27750.00, 271500.00, '70500.00', 156),
(140, '2021-04-27', '04', '2021', 2000.00, 12000.00, 34000.00, '82000.00', 142),
(141, '2021-04-27', '04', '2021', 700.00, 9866.70, 10800.00, '51200.10', 127),
(142, '2021-04-27', '04', '2021', 1500.00, 19310.26, 73001.00, '50999.20', 135),
(143, '2021-04-27', '04', '2021', 600.00, 18833.49, 26600.00, '31400.20', 130),
(144, '2021-04-27', '04', '2021', 3500.00, 3500.00, 18000.00, '11000.00', 122),
(145, '2021-04-27', '04', '2021', 500.00, 3500.00, 4500.00, '24500.00', 161),
(146, '2021-04-27', '04', '2021', 400.00, 3399.95, 2800.00, '34399.70', 147),
(148, '2021-04-28', '04', '2021', 400.00, 4800.00, 2400.00, '20800.00', 144),
(149, '2021-04-28', '04', '2021', 1000.00, 7500.00, 15500.00, '42500.00', 112),
(150, '2021-04-28', '04', '2021', 2000.00, 11500.00, 74500.00, '41500.00', 148),
(151, '2021-04-28', '04', '2021', 2650.00, 27314.49, 82930.00, '159070.10', 121),
(152, '2021-04-28', '04', '2021', 1000.00, 11000.00, 17000.00, '40000.00', 141),
(153, '2021-04-28', '04', '2021', 1400.00, 8796.26, 15000.00, '110980.20', 119),
(154, '2021-04-28', '04', '2021', 4000.00, 37200.00, 168000.00, '60000.00', 120),
(155, '2021-04-28', '04', '2021', 2850.00, 29150.00, 70600.00, '100400.00', 123),
(156, '2021-04-28', '04', '2021', 300.00, 2800.00, 2600.00, '14800.00', 163),
(157, '2021-04-28', '04', '2021', 1100.00, -133.34, 2200.00, '90799.70', 170),
(159, '2021-04-28', '04', '2021', 2000.00, 12000.00, 36000.00, '80000.00', 142),
(160, '2021-04-28', '04', '2021', 10000.00, 17750.00, 281500.00, '60500.00', 156),
(161, '2021-04-28', '04', '2021', 1000.00, 19688.04, 74001.00, '49999.20', 135),
(162, '2021-04-28', '04', '2021', 1000.00, 18800.16, 27600.00, '30400.20', 130),
(163, '2021-04-28', '04', '2021', 1000.00, 8000.00, 17000.00, '41000.00', 108),
(164, '2021-04-28', '04', '2021', 1000.00, 8886.26, 11500.00, '38088.20', 171),
(165, '2021-04-28', '04', '2021', 500.00, 3500.00, 5000.00, '24000.00', 161),
(166, '2021-04-28', '04', '2021', 400.00, 3413.28, 3200.00, '33999.70', 147),
(167, '2021-04-28', '04', '2021', 600.00, 1800.00, 2400.00, '9200.00', 162),
(168, '2021-04-28', '04', '2021', 4000.00, 4800.00, 4000.00, '7600.00', 173),
(169, '2021-04-27', '04', '2021', 600.00, 10200.00, 34200.00, '600.00', 115),
(170, '2021-04-29', '04', '2021', 400.00, 4800.00, 2800.00, '20400.00', 144),
(171, '2021-04-29', '04', '2021', 1000.00, 7500.00, 16500.00, '41500.00', 112),
(172, '2021-04-29', '04', '2021', 2000.00, 27500.00, 115000.00, '113000.00', 159),
(173, '2021-04-29', '04', '2021', 1000.00, 11000.00, 18000.00, '39000.00', 141),
(174, '2021-04-29', '04', '2021', 1400.00, 8796.04, 16400.00, '109580.20', 119),
(175, '2021-04-29', '04', '2021', 3000.00, 29000.00, 73600.00, '97400.00', 123),
(176, '2021-04-29', '04', '2021', 4000.00, 37000.00, 172000.00, '56000.00', 120),
(178, '2021-04-29', '04', '2021', 3040.00, 26963.38, 85970.00, '156030.10', 121),
(179, '2021-04-29', '04', '2021', 1000.00, 8000.00, 18000.00, '40000.00', 108),
(180, '2021-04-29', '04', '2021', 1100.00, -200.01, 3300.00, '89699.70', 170),
(181, '2021-04-29', '04', '2021', 10000.00, 7750.00, 291500.00, '50500.00', 156),
(182, '2021-04-29', '04', '2021', 0.00, 21065.82, 74001.00, '49999.20', 135),
(183, '2021-04-29', '04', '2021', 1000.00, 18766.83, 28600.00, '29400.20', 130),
(184, '2021-04-29', '04', '2021', 1000.00, 4100.00, 15100.00, '2300.00', 166),
(185, '2021-04-29', '04', '2021', 500.00, 3500.00, 5500.00, '23500.00', 161),
(186, '2021-04-29', '04', '2021', 1000.00, 8437.24, 12500.00, '37088.20', 171),
(187, '2021-04-29', '04', '2021', 400.00, 3426.61, 3600.00, '33599.70', 147),
(188, '2021-04-29', '04', '2021', 1000.00, 8800.00, 18200.00, '39800.00', 143),
(189, '2021-04-29', '04', '2021', 1000.00, 7800.00, 19200.00, '38800.00', 143),
(190, '2021-04-29', '04', '2021', 2000.00, 11500.00, 76500.00, '39500.00', 148),
(191, '2021-04-30', '04', '2021', 4250.00, 4125.00, 8250.00, '57750.00', 165),
(192, '2021-04-30', '04', '2021', 1000.00, 7800.00, 20200.00, '37800.00', 143),
(193, '2021-04-30', '04', '2021', 1000.00, 7500.00, 17500.00, '40500.00', 112),
(194, '2021-04-30', '04', '2021', 2000.00, 25500.00, 117000.00, '111000.00', 159),
(195, '2021-04-30', '04', '2021', 2650.00, 27002.27, 88620.00, '153380.10', 121),
(196, '2021-04-30', '04', '2021', 4000.00, 36800.00, 176000.00, '52000.00', 120),
(197, '2021-04-30', '04', '2021', 0.00, 12000.00, 18000.00, '39000.00', 141),
(198, '2021-04-30', '04', '2021', 1500.00, 8695.82, 17900.00, '108080.20', 119),
(199, '2021-04-30', '04', '2021', 3000.00, 28850.00, 76600.00, '94400.00', 123),
(200, '2021-04-29', '04', '2021', 200.00, 0.00, 200.00, '11400.00', 174),
(201, '2021-04-30', '04', '2021', 200.00, 0.00, 400.00, '11200.00', 174),
(202, '2021-04-30', '04', '2021', 1100.00, -266.68, 4400.00, '88599.70', 170),
(203, '2021-04-30', '04', '2021', 10000.00, -2250.00, 301500.00, '40500.00', 156),
(204, '2021-04-30', '04', '2021', 500.00, 21943.60, 74501.00, '49499.20', 135),
(205, '2021-04-30', '04', '2021', 2000.00, 14000.00, 38000.00, '78000.00', 142),
(206, '2021-04-30', '04', '2021', 700.00, 11233.37, 11500.00, '50500.10', 127),
(207, '2021-04-30', '04', '2021', 1000.00, 8000.00, 19000.00, '39000.00', 108),
(208, '2021-04-30', '04', '2021', 500.00, 3500.00, 6000.00, '23000.00', 161),
(209, '2021-04-30', '04', '2021', 1450.00, 1450.00, 8700.00, '2900.00', 160),
(210, '2021-04-30', '04', '2021', 5050.00, -5049.16, 15150.00, '45455.04', 146),
(211, '2021-04-30', '04', '2021', 3000.00, 3740.00, 9600.00, '25200.00', 132),
(212, '2021-05-01', '05', '2021', 1000.00, 7800.00, 21200.00, '36800.00', 143),
(213, '2021-05-01', '05', '2021', 1000.00, 7500.00, 18500.00, '39500.00', 112),
(214, '2021-05-01', '05', '2021', 1000.00, 12000.00, 19000.00, '38000.00', 141),
(215, '2021-05-01', '05', '2021', 2850.00, 28850.00, 79450.00, '91550.00', 123),
(216, '2021-05-01', '05', '2021', 1400.00, 8695.60, 19300.00, '106680.20', 119),
(217, '2021-05-01', '05', '2021', 4000.00, 36600.00, 180000.00, '48000.00', 120),
(218, '2021-05-01', '05', '2021', 1000.00, 24500.00, 118000.00, '110000.00', 159),
(219, '2021-05-01', '05', '2021', 2650.00, 27041.16, 91270.00, '150730.10', 121),
(220, '2021-05-01', '05', '2021', 2000.00, -2550.00, 19800.00, '14700.00', 124),
(221, '2021-05-01', '05', '2021', 1000.00, 8000.00, 20000.00, '38000.00', 108),
(222, '2021-03-20', '03', '2021', 4600.00, 910.00, 4600.00, '12800.00', 175),
(223, '2021-05-01', '05', '2021', 12800.00, -290.00, 17400.00, '0.00', 175),
(224, '2021-05-01', '05', '2021', 500.00, 266.65, 4900.00, '88099.70', 170),
(226, '2021-05-01', '05', '2021', 800.00, 19900.17, 29400.00, '28600.20', 130),
(227, '2021-04-26', '04', '2021', 301500.00, -2250.00, 301500.00, '40500.00', 176),
(228, '2021-05-01', '05', '2021', 40500.00, -42750.00, 342000.00, '0.00', 176),
(229, '2021-05-01', '05', '2021', 400.00, 5200.00, 3200.00, '20000.00', 144),
(230, '2021-05-01', '05', '2021', 1000.00, 7800.00, 21200.00, '36800.00', 143),
(231, '2021-05-01', '05', '2021', 500.00, 3500.00, 6500.00, '22500.00', 161),
(232, '2021-05-01', '05', '2021', 1000.00, 8539.20, 13500.00, '36088.20', 171),
(233, '2021-04-28', '04', '2021', 6800.00, 11200.00, 41600.00, '4800.00', 116),
(234, '2021-05-02', '05', '2021', 400.00, 5200.00, 3600.00, '19600.00', 144),
(235, '2021-05-02', '05', '2021', 2000.00, 13500.00, 78500.00, '37500.00', 148),
(236, '2021-05-02', '05', '2021', 1000.00, 24500.00, 118000.00, '110000.00', 159),
(237, '2021-05-02', '05', '2021', 2650.00, 27080.05, 93920.00, '148080.10', 121),
(238, '2021-05-02', '05', '2021', 4000.00, 36400.00, 184000.00, '44000.00', 120),
(239, '2021-05-02', '05', '2021', 1400.00, 8695.38, 20700.00, '105280.20', 119),
(240, '2021-05-02', '05', '2021', 2850.00, 28850.00, 82300.00, '88700.00', 123),
(241, '2021-05-02', '05', '2021', 500.00, 8500.00, 5500.00, '23500.00', 149),
(242, '2021-05-02', '05', '2021', 400.00, 0.00, 1400.00, '10200.00', 167),
(243, '2021-05-02', '05', '2021', 300.00, 3700.00, 2900.00, '14500.00', 163),
(244, '2021-05-02', '05', '2021', 2000.00, 14000.00, 40000.00, '76000.00', 142),
(245, '2021-05-02', '05', '2021', 500.00, 24199.16, 75001.00, '48999.20', 135),
(246, '2021-05-02', '05', '2021', 1000.00, 19866.84, 30400.00, '27600.20', 130),
(247, '2021-05-02', '05', '2021', 400.00, 3853.27, 4000.00, '33199.70', 147),
(248, '2021-05-03', '05', '2021', 0.00, 200.00, 1400.00, '10200.00', 167),
(249, '2021-05-03', '05', '2021', 1000.00, 7800.00, 22200.00, '35800.00', 143),
(250, '2021-05-03', '05', '2021', 400.00, 5200.00, 4000.00, '19200.00', 144),
(251, '2021-05-03', '05', '2021', 1000.00, 7500.00, 19500.00, '38500.00', 112),
(252, '2021-05-03', '05', '2021', 600.00, 2200.00, 3000.00, '8600.00', 162),
(253, '2021-05-03', '05', '2021', 2000.00, 11500.00, 80500.00, '35500.00', 148),
(254, '2021-05-03', '05', '2021', 2650.00, 27118.94, 96570.00, '145430.10', 121),
(255, '2021-05-03', '05', '2021', 1400.00, 8695.16, 22100.00, '103880.20', 119),
(256, '2021-05-03', '05', '2021', 1000.00, 13000.00, 20000.00, '37000.00', 141),
(257, '2021-05-03', '05', '2021', 2850.00, 28850.00, 85150.00, '85850.00', 123),
(258, '2021-05-03', '05', '2021', 4000.00, 36200.00, 188000.00, '40000.00', 120),
(259, '2021-05-03', '05', '2021', 2000.00, -4550.00, 21800.00, '12700.00', 124),
(260, '2021-05-03', '05', '2021', 1000.00, 9000.00, 21000.00, '37000.00', 108),
(261, '2021-05-03', '05', '2021', 500.00, 8500.00, 6000.00, '23000.00', 149),
(262, '2021-05-03', '05', '2021', 1100.00, 199.98, 6000.00, '86999.70', 170),
(263, '2021-05-03', '05', '2021', 2000.00, 12000.00, 42000.00, '74000.00', 142),
(264, '2021-05-03', '05', '2021', 700.00, 12600.04, 12200.00, '49800.10', 127),
(265, '2021-05-03', '05', '2021', 1000.00, 19833.51, 31400.00, '26600.20', 130),
(266, '2021-05-03', '05', '2021', 400.00, 3453.27, 4400.00, '32799.70', 147),
(267, '2021-05-03', '05', '2021', 21800.00, 4075.00, 21800.00, '12700.00', 180),
(268, '2021-05-04', '05', '2021', 1000.00, 7800.00, 23200.00, '34800.00', 143),
(269, '2021-05-04', '05', '2021', 400.00, 5200.00, 4400.00, '18800.00', 144),
(270, '2021-05-04', '05', '2021', 1000.00, 7500.00, 20500.00, '37500.00', 112),
(271, '2021-05-04', '05', '2021', 2000.00, 11500.00, 82500.00, '33500.00', 148),
(272, '2021-05-04', '05', '2021', 2650.00, 27157.83, 99220.00, '142780.10', 121),
(273, '2021-05-04', '05', '2021', 4000.00, 36000.00, 192000.00, '36000.00', 120),
(274, '2021-05-04', '05', '2021', 1400.00, 8694.94, 23500.00, '102480.20', 119),
(275, '2021-05-04', '05', '2021', 0.00, 31700.00, 85150.00, '85850.00', 123),
(276, '2021-05-04', '05', '2021', 500.00, 8500.00, 6500.00, '22500.00', 149),
(277, '2021-05-04', '05', '2021', 1000.00, 13000.00, 21000.00, '36000.00', 141),
(278, '2021-05-04', '05', '2021', 1000.00, 9000.00, 22000.00, '36000.00', 108),
(279, '2021-05-04', '05', '2021', 1100.00, 133.31, 7100.00, '85899.70', 170),
(280, '2021-05-04', '05', '2021', 9500.00, 0.00, 9500.00, '560500.00', 177),
(281, '2021-05-04', '05', '2021', 2000.00, 12000.00, 44000.00, '72000.00', 142),
(282, '2021-05-04', '05', '2021', 600.00, 12688.93, 12800.00, '49200.10', 127),
(283, '2021-05-04', '05', '2021', 1000.00, 19800.18, 32400.00, '25600.20', 130),
(284, '2021-05-04', '05', '2021', 500.00, 4000.00, 7000.00, '22000.00', 161),
(285, '2021-05-04', '05', '2021', 400.00, 3466.60, 4800.00, '32399.70', 147),
(286, '2021-05-05', '05', '2021', 400.00, 8400.00, 23600.00, '34400.00', 143),
(287, '2021-05-05', '05', '2021', 400.00, 2200.00, 3400.00, '8200.00', 162),
(288, '2021-05-05', '05', '2021', 400.00, 5200.00, 4800.00, '18400.00', 144),
(289, '2021-05-05', '05', '2021', 2130.00, 6134.99, 6265.00, '43334.96', 158),
(290, '2021-05-05', '05', '2021', 2650.00, 27196.72, 101870.00, '140130.10', 121),
(291, '2021-05-05', '05', '2021', 1400.00, 8694.72, 24900.00, '101080.20', 119),
(292, '2021-05-05', '05', '2021', 1500.00, 33050.00, 86650.00, '84350.00', 123),
(293, '2021-05-05', '05', '2021', 6500.00, 0.00, 6500.00, '97500.00', 172),
(294, '2021-05-05', '05', '2021', 4000.00, 35800.00, 196000.00, '32000.00', 120),
(295, '2021-05-05', '05', '2021', 1000.00, 13000.00, 22000.00, '35000.00', 141),
(296, '2021-05-05', '05', '2021', 1000.00, 4900.00, 16100.00, '1300.00', 166),
(297, '2021-05-05', '05', '2021', 5000.00, -925.00, 26800.00, '7700.00', 180),
(298, '2021-05-05', '05', '2021', 500.00, 4000.00, 7500.00, '21500.00', 161),
(299, '2021-05-05', '05', '2021', 1000.00, 23500.00, 119000.00, '109000.00', 159),
(300, '2021-05-05', '05', '2021', 1000.00, 7500.00, 21500.00, '36500.00', 112),
(301, '2021-05-05', '05', '2021', 1100.00, 66.64, 8200.00, '84799.70', 170),
(302, '2021-05-05', '05', '2021', 500.00, 500.00, 900.00, '10700.00', 174),
(303, '2021-05-05', '05', '2021', 400.00, 0.00, 400.00, '11200.00', 178),
(304, '2021-05-05', '05', '2021', 9500.00, 0.00, 19000.00, '551000.00', 177),
(305, '2021-05-05', '05', '2021', 500.00, 27832.50, 75501.00, '48499.20', 135),
(306, '2021-05-05', '05', '2021', 2000.00, 12000.00, 46000.00, '70000.00', 142),
(307, '2021-05-05', '05', '2021', 1000.00, 19766.85, 33400.00, '24600.20', 130),
(308, '2021-05-05', '05', '2021', 1000.00, 9000.00, 23000.00, '35000.00', 108),
(309, '2021-05-06', '05', '2021', 1000.00, 8400.00, 24600.00, '33400.00', 143),
(310, '2021-05-06', '05', '2021', 400.00, 5200.00, 5200.00, '18000.00', 144),
(311, '2021-05-06', '05', '2021', 1000.00, 7500.00, 22500.00, '35500.00', 112),
(312, '2021-05-06', '05', '2021', 2000.00, 4134.99, 8265.00, '41334.96', 158),
(313, '2021-05-06', '05', '2021', 1000.00, 22500.00, 120000.00, '108000.00', 159),
(314, '2021-05-06', '05', '2021', 0.00, 39600.00, 196000.00, '32000.00', 120),
(315, '2021-05-06', '05', '2021', 500.00, 8694.72, 24900.00, '101080.20', 119),
(316, '2021-05-06', '05', '2021', 1000.00, 34900.00, 87650.00, '83350.00', 123),
(317, '2021-05-06', '05', '2021', 1100.00, -0.03, 9300.00, '83699.70', 170),
(318, '2021-05-06', '05', '2021', 300.00, 4600.00, 3200.00, '14200.00', 163),
(319, '2021-05-06', '05', '2021', 5000.00, 4500.00, 24000.00, '546000.00', 177),
(320, '2021-05-06', '05', '2021', 500.00, 28710.28, 76001.00, '47999.20', 135),
(321, '2021-05-06', '05', '2021', 2000.00, 12000.00, 48000.00, '68000.00', 142),
(323, '2021-05-06', '05', '2021', 700.00, 13366.71, 13500.00, '48500.10', 127),
(325, '2021-05-06', '05', '2021', 1000.00, 9000.00, 24000.00, '34000.00', 108),
(326, '2021-05-06', '05', '2021', 1000.00, 13000.00, 23000.00, '34000.00', 141),
(327, '2021-05-06', '05', '2021', 0.00, 4500.00, 7500.00, '21500.00', 161),
(328, '2021-05-06', '05', '2021', 1000.00, 10294.10, 14500.00, '35088.20', 171),
(329, '2021-05-06', '05', '2021', 3000.00, 3400.00, 7000.00, '4600.00', 173),
(330, '2021-05-07', '05', '2021', 4125.00, 4125.00, 12375.00, '53625.00', 165),
(331, '2021-05-07', '05', '2021', 1000.00, 8400.00, 25600.00, '32400.00', 143),
(332, '2021-05-07', '05', '2021', 400.00, 5200.00, 5600.00, '17600.00', 144),
(333, '2021-05-07', '05', '2021', 1000.00, 7500.00, 23500.00, '34500.00', 112),
(334, '2021-05-07', '05', '2021', 1000.00, 16500.00, 83500.00, '32500.00', 148),
(335, '2021-05-07', '05', '2021', 1000.00, 21500.00, 121000.00, '107000.00', 159),
(336, '2021-05-07', '05', '2021', 4000.00, 39400.00, 200000.00, '28000.00', 120),
(337, '2021-05-07', '05', '2021', 2650.00, 29924.50, 104520.00, '137480.10', 121),
(338, '2021-05-07', '05', '2021', 1000.00, 9094.50, 25900.00, '100080.20', 119),
(339, '2021-05-07', '05', '2021', 2850.00, 34900.00, 90500.00, '80500.00', 123),
(340, '2021-05-07', '05', '2021', 3600.00, 4200.00, 13200.00, '21600.00', 132),
(341, '2021-05-07', '05', '2021', 1100.00, -66.70, 10400.00, '82599.70', 170),
(342, '2021-05-07', '05', '2021', 2000.00, 12000.00, 50000.00, '66000.00', 142),
(343, '2021-05-07', '05', '2021', 9500.00, 4500.00, 33500.00, '536500.00', 177),
(344, '2021-05-07', '05', '2021', 500.00, 21200.19, 33900.00, '24100.20', 130),
(345, '2021-05-07', '05', '2021', 700.00, -11.11, 700.00, '61300.10', 181),
(346, '2021-05-07', '05', '2021', 1000.00, 9000.00, 25000.00, '33000.00', 108),
(347, '2021-05-07', '05', '2021', 4000.00, -4925.00, 30800.00, '3700.00', 180),
(348, '2021-05-07', '05', '2021', 500.00, 4500.00, 8000.00, '21000.00', 161),
(349, '2021-05-08', '05', '2021', 3700.00, -8625.00, 34500.00, '0.00', 180),
(350, '2021-05-08', '05', '2021', 1000.00, 8400.00, 26600.00, '31400.00', 143),
(351, '2021-05-08', '05', '2021', 400.00, 5200.00, 6000.00, '17200.00', 144),
(352, '2021-05-08', '05', '2021', 1000.00, 7500.00, 24500.00, '33500.00', 112),
(353, '2021-05-08', '05', '2021', 400.00, 2400.00, 3800.00, '7800.00', 162),
(354, '2021-05-08', '05', '2021', 1000.00, 17500.00, 84500.00, '31500.00', 148),
(355, '2021-05-08', '05', '2021', 4000.00, 39200.00, 204000.00, '24000.00', 120),
(356, '2021-05-08', '05', '2021', 1000.00, 9494.28, 26900.00, '99080.20', 119),
(357, '2021-05-08', '05', '2021', 2000.00, 35750.00, 92500.00, '78500.00', 123),
(358, '2021-05-08', '05', '2021', 1000.00, 14000.00, 24000.00, '33000.00', 141),
(359, '2021-05-08', '05', '2021', 1000.00, 9000.00, 26000.00, '32000.00', 108),
(360, '2021-05-08', '05', '2021', 1100.00, -133.37, 11500.00, '81499.70', 170),
(361, '2021-05-08', '05', '2021', 0.00, 14744.49, 13500.00, '48500.10', 127),
(362, '2021-05-08', '05', '2021', 1000.00, 21166.86, 34900.00, '23100.20', 130),
(363, '2021-05-08', '05', '2021', 700.00, -22.22, 1400.00, '60600.10', 181),
(364, '2021-05-08', '05', '2021', 500.00, 10896.06, 15000.00, '34588.20', 171),
(365, '2021-05-08', '05', '2021', 500.00, 4500.00, 8500.00, '20500.00', 161),
(366, '2021-05-09', '05', '2021', 500.00, 7900.00, 27100.00, '30900.00', 143),
(367, '2021-05-09', '05', '2021', 1000.00, 20500.00, 122000.00, '106000.00', 159),
(368, '2021-05-09', '05', '2021', 500.00, 17000.00, 85000.00, '31000.00', 148),
(369, '2021-05-09', '05', '2021', 10000.00, 33000.00, 214000.00, '14000.00', 120),
(370, '2021-05-09', '05', '2021', 2650.00, 32652.28, 107170.00, '134830.10', 121),
(371, '2021-05-09', '05', '2021', 1000.00, 9894.06, 27900.00, '98080.20', 119),
(372, '2021-05-09', '05', '2021', 2000.00, 36600.00, 94500.00, '76500.00', 123),
(373, '2021-05-09', '05', '2021', 1000.00, 14000.00, 25000.00, '32000.00', 141),
(374, '2021-05-09', '05', '2021', 200.00, 2400.00, 4000.00, '7600.00', 162),
(375, '2021-05-09', '05', '2021', 1000.00, 9000.00, 27000.00, '31000.00', 108),
(377, '2021-05-09', '05', '2021', 700.00, 14733.38, 14200.00, '47800.10', 127),
(378, '2021-05-09', '05', '2021', 2000.00, 12000.00, 52000.00, '64000.00', 142),
(379, '2021-05-09', '05', '2021', 500.00, 21633.53, 35400.00, '22600.20', 130),
(380, '2021-05-09', '05', '2021', 5050.00, -5048.74, 20200.00, '40405.04', 146),
(381, '2021-05-09', '05', '2021', 400.00, 4719.92, 5200.00, '31999.70', 147),
(383, '2021-05-09', '05', '2021', 0.00, 11447.04, 15000.00, '34588.20', 171);

-- --------------------------------------------------------

--
-- Table structure for table `special_days`
--

CREATE TABLE `special_days` (
  `id` int(11) NOT NULL,
  `poyaday` varchar(50) NOT NULL,
  `day_index` int(11) NOT NULL
) ENGINE=InnoDB DEFAULT CHARSET=latin1;

--
-- Dumping data for table `special_days`
--

INSERT INTO `special_days` (`id`, `poyaday`, `day_index`) VALUES
(1, '2021-01-28', 4),
(2, '2021-02-26', 5),
(3, '2021-03-28', 0),
(4, '2021-04-26', 1),
(5, '2021-05-26', 3),
(6, '2021-06-24', 4),
(7, '2021-07-23', 5),
(8, '2021-08-22', 0),
(9, '2021-09-20', 1),
(10, '2021-10-20', 3),
(11, '2021-11-18', 4),
(12, '2021-12-18', 6);

-- --------------------------------------------------------

--
-- Table structure for table `summary`
--

CREATE TABLE `summary` (
  `id` int(11) NOT NULL,
  `year` varchar(500) NOT NULL,
  `month` varchar(500) NOT NULL,
  `loanAMT` decimal(18,2) NOT NULL DEFAULT '0.00',
  `debtAMT` decimal(18,2) NOT NULL DEFAULT '0.00',
  `createDate` varchar(500) NOT NULL
) ENGINE=InnoDB DEFAULT CHARSET=latin1;

--
-- Dumping data for table `summary`
--

INSERT INTO `summary` (`id`, `year`, `month`, `loanAMT`, `debtAMT`, `createDate`) VALUES
(1, '2021', '04', '12055018.00', '3835848.00', '2021-04-01'),
(2, '2021', '01', '0.00', '0.00', '2021-04-01'),
(3, '2021', '02', '0.00', '0.00', '2021-04-01'),
(4, '2021', '03', '0.00', '0.00', '2021-04-01'),
(5, '2021', '05', '970000.00', '788657.00', '2021-04-01'),
(6, '2021', '06', '0.00', '0.00', '2021-04-01'),
(7, '2021', '07', '0.00', '0.00', '2021-04-01'),
(8, '2021', '08', '0.00', '0.00', '2021-04-01'),
(9, '2021', '09', '0.00', '0.00', '2021-04-01'),
(10, '2021', '10', '0.00', '0.00', '2021-04-01'),
(11, '2021', '11', '0.00', '0.00', '2021-04-01'),
(12, '2021', '12', '0.00', '0.00', '2021-04-01');

-- --------------------------------------------------------

--
-- Table structure for table `user`
--

CREATE TABLE `user` (
  `id` int(11) NOT NULL,
  `username` varchar(20) NOT NULL,
  `password` varchar(10000) NOT NULL
) ENGINE=InnoDB DEFAULT CHARSET=latin1;

--
-- Dumping data for table `user`
--

INSERT INTO `user` (`id`, `username`, `password`) VALUES
(1, 'Nmc', '21232f297a57a5a743894a0e4a801fc3'),
(2, 'sa', '698d51a19d8a121ce581499d7b701668');

--
-- Indexes for dumped tables
--

--
-- Indexes for table `cheque`
--
ALTER TABLE `cheque`
  ADD PRIMARY KEY (`cheque_id`);

--
-- Indexes for table `customer`
--
ALTER TABLE `customer`
  ADD PRIMARY KEY (`cust_id`);

--
-- Indexes for table `loan`
--
ALTER TABLE `loan`
  ADD PRIMARY KEY (`loan_no`);

--
-- Indexes for table `loan_installement`
--
ALTER TABLE `loan_installement`
  ADD PRIMARY KEY (`id`);

--
-- Indexes for table `special_days`
--
ALTER TABLE `special_days`
  ADD PRIMARY KEY (`id`);

--
-- Indexes for table `summary`
--
ALTER TABLE `summary`
  ADD PRIMARY KEY (`id`);

--
-- Indexes for table `user`
--
ALTER TABLE `user`
  ADD PRIMARY KEY (`id`);

--
-- AUTO_INCREMENT for dumped tables
--

--
-- AUTO_INCREMENT for table `cheque`
--
ALTER TABLE `cheque`
  MODIFY `cheque_id` int(7) NOT NULL AUTO_INCREMENT;
--
-- AUTO_INCREMENT for table `loan`
--
ALTER TABLE `loan`
  MODIFY `loan_no` int(7) NOT NULL AUTO_INCREMENT, AUTO_INCREMENT=183;
--
-- AUTO_INCREMENT for table `loan_installement`
--
ALTER TABLE `loan_installement`
  MODIFY `id` int(7) NOT NULL AUTO_INCREMENT, AUTO_INCREMENT=384;
--
-- AUTO_INCREMENT for table `special_days`
--
ALTER TABLE `special_days`
  MODIFY `id` int(11) NOT NULL AUTO_INCREMENT, AUTO_INCREMENT=13;
--
-- AUTO_INCREMENT for table `summary`
--
ALTER TABLE `summary`
  MODIFY `id` int(11) NOT NULL AUTO_INCREMENT, AUTO_INCREMENT=13;
--
-- AUTO_INCREMENT for table `user`
--
ALTER TABLE `user`
  MODIFY `id` int(11) NOT NULL AUTO_INCREMENT, AUTO_INCREMENT=3;
/*!40101 SET CHARACTER_SET_CLIENT=@OLD_CHARACTER_SET_CLIENT */;
/*!40101 SET CHARACTER_SET_RESULTS=@OLD_CHARACTER_SET_RESULTS */;
/*!40101 SET COLLATION_CONNECTION=@OLD_COLLATION_CONNECTION */;
